,score,predicted,actual,confidence,path
0,True,NoWires,NoWires,2.762606143951416,NoWires/7d1e2d78-d2db-11eb-92c6-8c85909d90f2.jpg
1,False,FooBar,NoWires,2.192094326019287,NoWires/7d19df98-d2db-11eb-92c6-8c85909d90f2.jpg
2,True,NoWires,NoWires,3.415564775466919,NoWires/84b18760-d2db-11eb-92c6-8c85909d90f2.jpg
3,True,NoWires,NoWires,2.5623459815979004,NoWires/839288fc-d2db-11eb-92c6-8c85909d90f2.jpg
4,True,NoWires,NoWires,3.1760847568511963,NoWires/841ddc2c-d2db-11eb-92c6-8c85909d90f2.jpg
5,True,NoWires,NoWires,1.2784874439239502,NoWires/7de189e4-d2db-11eb-92c6-8c85909d90f2.jpg
6,True,NoWires,NoWires,2.9373860359191895,NoWires/7f7912fe-d2db-11eb-92c6-8c85909d90f2.jpg
7,True,NoWires,NoWires,2.0472803115844727,NoWires/841bc05e-d2db-11eb-92c6-8c85909d90f2.jpg
8,True,NoWires,NoWires,1.5648573637008667,NoWires/84b8c75a-d2db-11eb-92c6-8c85909d90f2.jpg
9,True,NoWires,NoWires,2.157583713531494,NoWires/82cd19c8-d2db-11eb-92c6-8c85909d90f2.jpg
10,True,NoWires,NoWires,2.4858272075653076,NoWires/832b02ea-d2db-11eb-92c6-8c85909d90f2.jpg
11,True,NoWires,NoWires,2.446742057800293,NoWires/831756fa-d2db-11eb-92c6-8c85909d90f2.jpg
12,True,NoWires,NoWires,2.357539653778076,NoWires/851448e6-d2db-11eb-92c6-8c85909d90f2.jpg
13,True,NoWires,NoWires,2.532803535461426,NoWires/83ff8a10-d2db-11eb-92c6-8c85909d90f2.jpg
14,True,NoWires,NoWires,3.7938616275787354,NoWires/803f00d6-d2db-11eb-92c6-8c85909d90f2.jpg
15,True,NoWires,NoWires,2.839109182357788,NoWires/840a78a8-d2db-11eb-92c6-8c85909d90f2.jpg
16,True,NoWires,NoWires,3.758523941040039,NoWires/83ae9fc4-d2db-11eb-92c6-8c85909d90f2.jpg
17,False,FooBar,NoWires,2.7636120319366455,NoWires/7d2fe98c-d2db-11eb-92c6-8c85909d90f2.jpg
18,True,NoWires,NoWires,3.378910541534424,NoWires/7f83746a-d2db-11eb-92c6-8c85909d90f2.jpg
19,True,NoWires,NoWires,1.8275092840194702,NoWires/8484aa60-d2db-11eb-92c6-8c85909d90f2.jpg
20,True,NoWires,NoWires,3.113237142562866,NoWires/81fdbe26-d2db-11eb-92c6-8c85909d90f2.jpg
21,True,NoWires,NoWires,2.3530242443084717,NoWires/830896f6-d2db-11eb-92c6-8c85909d90f2.jpg
22,True,NoWires,NoWires,2.229066848754883,NoWires/83d54174-d2db-11eb-92c6-8c85909d90f2.jpg
23,True,NoWires,NoWires,3.0997941493988037,NoWires/7f87ca06-d2db-11eb-92c6-8c85909d90f2.jpg
24,True,NoWires,NoWires,2.3650035858154297,NoWires/83e1822c-d2db-11eb-92c6-8c85909d90f2.jpg
25,False,FooBar,NoWires,3.1338047981262207,NoWires/80f84b72-d2db-11eb-92c6-8c85909d90f2.jpg
26,False,FooBar,NoWires,1.3211241960525513,NoWires/7d021a48-d2db-11eb-92c6-8c85909d90f2.jpg
27,True,NoWires,NoWires,2.8683102130889893,NoWires/846baed4-d2db-11eb-92c6-8c85909d90f2.jpg
28,True,NoWires,NoWires,2.019845485687256,NoWires/7d3cd214-d2db-11eb-92c6-8c85909d90f2.jpg
29,True,NoWires,NoWires,2.1968963146209717,NoWires/81dd9a42-d2db-11eb-92c6-8c85909d90f2.jpg
30,True,NoWires,NoWires,2.072612762451172,NoWires/81c4e420-d2db-11eb-92c6-8c85909d90f2.jpg
31,True,NoWires,NoWires,1.6836600303649902,NoWires/81f17c2e-d2db-11eb-92c6-8c85909d90f2.jpg
32,True,NoWires,NoWires,2.503434658050537,NoWires/8368c936-d2db-11eb-92c6-8c85909d90f2.jpg
33,True,NoWires,NoWires,2.4778969287872314,NoWires/81898a6a-d2db-11eb-92c6-8c85909d90f2.jpg
34,True,NoWires,NoWires,2.3204798698425293,NoWires/816d3112-d2db-11eb-92c6-8c85909d90f2.jpg
35,False,FooBar,NoWires,2.5309243202209473,NoWires/7cfc211a-d2db-11eb-92c6-8c85909d90f2.jpg
36,True,NoWires,NoWires,3.0984385013580322,NoWires/83d7d7ae-d2db-11eb-92c6-8c85909d90f2.jpg
37,True,NoWires,NoWires,1.1706188917160034,NoWires/81ae62b8-d2db-11eb-92c6-8c85909d90f2.jpg
38,True,NoWires,NoWires,2.6509900093078613,NoWires/831ba0fc-d2db-11eb-92c6-8c85909d90f2.jpg
39,True,NoWires,NoWires,1.7757341861724854,NoWires/7f10be8e-d2db-11eb-92c6-8c85909d90f2.jpg
40,True,NoWires,NoWires,2.6154234409332275,NoWires/82a85836-d2db-11eb-92c6-8c85909d90f2.jpg
41,True,NoWires,NoWires,2.681732177734375,NoWires/83df4d0e-d2db-11eb-92c6-8c85909d90f2.jpg
42,True,NoWires,NoWires,3.1727421283721924,NoWires/85411970-d2db-11eb-92c6-8c85909d90f2.jpg
43,True,NoWires,NoWires,2.483031749725342,NoWires/8338c1fa-d2db-11eb-92c6-8c85909d90f2.jpg
44,True,NoWires,NoWires,2.019925832748413,NoWires/7c980770-d2db-11eb-92c6-8c85909d90f2.jpg
45,False,Glue,NoWires,1.1885181665420532,NoWires/84808cb4-d2db-11eb-92c6-8c85909d90f2.jpg
46,True,NoWires,NoWires,2.847062110900879,NoWires/821f456e-d2db-11eb-92c6-8c85909d90f2.jpg
47,True,NoWires,NoWires,2.4725708961486816,NoWires/7cf815ca-d2db-11eb-92c6-8c85909d90f2.jpg
48,True,NoWires,NoWires,2.819216728210449,NoWires/7ef0a7b6-d2db-11eb-92c6-8c85909d90f2.jpg
49,True,NoWires,NoWires,2.4970555305480957,NoWires/8162dece-d2db-11eb-92c6-8c85909d90f2.jpg
50,True,NoWires,NoWires,2.2002675533294678,NoWires/84914b94-d2db-11eb-92c6-8c85909d90f2.jpg
51,True,NoWires,NoWires,2.6040823459625244,NoWires/7f0c2c20-d2db-11eb-92c6-8c85909d90f2.jpg
52,True,NoWires,NoWires,1.8839448690414429,NoWires/81d5409a-d2db-11eb-92c6-8c85909d90f2.jpg
53,True,NoWires,NoWires,2.3909740447998047,NoWires/83f91b4e-d2db-11eb-92c6-8c85909d90f2.jpg
54,True,NoWires,NoWires,3.052863597869873,NoWires/7c95bf38-d2db-11eb-92c6-8c85909d90f2.jpg
55,True,NoWires,NoWires,3.8342883586883545,NoWires/839f90b0-d2db-11eb-92c6-8c85909d90f2.jpg
56,True,NoWires,NoWires,2.024522066116333,NoWires/7eff764c-d2db-11eb-92c6-8c85909d90f2.jpg
57,True,NoWires,NoWires,2.9096262454986572,NoWires/833ba014-d2db-11eb-92c6-8c85909d90f2.jpg
58,True,NoWires,NoWires,2.437166690826416,NoWires/8203e364-d2db-11eb-92c6-8c85909d90f2.jpg
59,True,NoWires,NoWires,1.6913336515426636,NoWires/84ce3f18-d2db-11eb-92c6-8c85909d90f2.jpg
60,True,NoWires,NoWires,2.0092012882232666,NoWires/83244d42-d2db-11eb-92c6-8c85909d90f2.jpg
61,True,NoWires,NoWires,2.833198308944702,NoWires/7f7514c4-d2db-11eb-92c6-8c85909d90f2.jpg
62,True,NoWires,NoWires,2.5886387825012207,NoWires/8359de30-d2db-11eb-92c6-8c85909d90f2.jpg
63,False,FooBar,NoWires,1.0489740371704102,NoWires/81bac2d8-d2db-11eb-92c6-8c85909d90f2.jpg
64,True,NoWires,NoWires,2.8926074504852295,NoWires/83796c3c-d2db-11eb-92c6-8c85909d90f2.jpg
65,True,NoWires,NoWires,3.8416638374328613,NoWires/835bdb72-d2db-11eb-92c6-8c85909d90f2.jpg
66,True,NoWires,NoWires,1.4537041187286377,NoWires/7cb62d36-d2db-11eb-92c6-8c85909d90f2.jpg
67,True,NoWires,NoWires,3.042759895324707,NoWires/83f6fe36-d2db-11eb-92c6-8c85909d90f2.jpg
68,True,NoWires,NoWires,1.9835010766983032,NoWires/82c906d0-d2db-11eb-92c6-8c85909d90f2.jpg
69,False,FooBar,NoWires,1.8062833547592163,NoWires/7ccb4db0-d2db-11eb-92c6-8c85909d90f2.jpg
70,False,FooBar,NoWires,2.4969635009765625,NoWires/7ced84f2-d2db-11eb-92c6-8c85909d90f2.jpg
71,True,NoWires,NoWires,2.515838146209717,NoWires/8268a0d8-d2db-11eb-92c6-8c85909d90f2.jpg
72,True,NoWires,NoWires,2.1653904914855957,NoWires/8458a55a-d2db-11eb-92c6-8c85909d90f2.jpg
73,True,NoWires,NoWires,2.2550337314605713,NoWires/7cb3a110-d2db-11eb-92c6-8c85909d90f2.jpg
74,True,NoWires,NoWires,2.086160898208618,NoWires/84d4edb8-d2db-11eb-92c6-8c85909d90f2.jpg
75,True,NoWires,NoWires,3.2760345935821533,NoWires/845ac628-d2db-11eb-92c6-8c85909d90f2.jpg
76,True,NoWires,NoWires,3.6451303958892822,NoWires/838c6076-d2db-11eb-92c6-8c85909d90f2.jpg
77,True,NoWires,NoWires,2.482863664627075,NoWires/848b181e-d2db-11eb-92c6-8c85909d90f2.jpg
78,True,NoWires,NoWires,2.63993501663208,NoWires/82c12082-d2db-11eb-92c6-8c85909d90f2.jpg
79,True,NoWires,NoWires,3.336944341659546,NoWires/7f99056e-d2db-11eb-92c6-8c85909d90f2.jpg
80,False,FooBar,NoWires,2.2560369968414307,NoWires/7ce48172-d2db-11eb-92c6-8c85909d90f2.jpg
81,True,NoWires,NoWires,1.4137051105499268,NoWires/82ea1c26-d2db-11eb-92c6-8c85909d90f2.jpg
82,True,NoWires,NoWires,2.268678903579712,NoWires/81a38b68-d2db-11eb-92c6-8c85909d90f2.jpg
83,True,NoWires,NoWires,2.8359222412109375,NoWires/83d00cd6-d2db-11eb-92c6-8c85909d90f2.jpg
84,True,NoWires,NoWires,2.6066510677337646,NoWires/7f4759a8-d2db-11eb-92c6-8c85909d90f2.jpg
85,True,NoWires,NoWires,2.7492830753326416,NoWires/84da97fe-d2db-11eb-92c6-8c85909d90f2.jpg
86,True,NoWires,NoWires,3.0928733348846436,NoWires/7efc028c-d2db-11eb-92c6-8c85909d90f2.jpg
87,True,NoWires,NoWires,3.7001471519470215,NoWires/7ecd48f2-d2db-11eb-92c6-8c85909d90f2.jpg
88,True,NoWires,NoWires,3.2954463958740234,NoWires/84179330-d2db-11eb-92c6-8c85909d90f2.jpg
89,True,NoWires,NoWires,2.5244390964508057,NoWires/7f1a053e-d2db-11eb-92c6-8c85909d90f2.jpg
90,True,NoWires,NoWires,3.2098357677459717,NoWires/83477f42-d2db-11eb-92c6-8c85909d90f2.jpg
91,True,NoWires,NoWires,3.9053421020507812,NoWires/83e3acb4-d2db-11eb-92c6-8c85909d90f2.jpg
92,True,NoWires,NoWires,4.355306625366211,NoWires/814f433c-d2db-11eb-92c6-8c85909d90f2.jpg
93,False,FooBar,NoWires,2.369413375854492,NoWires/7d272c2a-d2db-11eb-92c6-8c85909d90f2.jpg
94,True,NoWires,NoWires,1.455100178718567,NoWires/7cd9b49a-d2db-11eb-92c6-8c85909d90f2.jpg
95,True,NoWires,NoWires,2.2176151275634766,NoWires/81c6df3c-d2db-11eb-92c6-8c85909d90f2.jpg
96,True,NoWires,NoWires,1.491559386253357,NoWires/7cb103f6-d2db-11eb-92c6-8c85909d90f2.jpg
97,True,NoWires,NoWires,2.434220314025879,NoWires/81aa08ee-d2db-11eb-92c6-8c85909d90f2.jpg
98,True,NoWires,NoWires,3.4469425678253174,NoWires/83fd644c-d2db-11eb-92c6-8c85909d90f2.jpg
99,True,NoWires,NoWires,1.9486840963363647,NoWires/8461362a-d2db-11eb-92c6-8c85909d90f2.jpg
100,True,NoWires,NoWires,2.506051778793335,NoWires/81bcdeba-d2db-11eb-92c6-8c85909d90f2.jpg
101,True,NoWires,NoWires,2.580275774002075,NoWires/82a2196c-d2db-11eb-92c6-8c85909d90f2.jpg
102,True,NoWires,NoWires,2.8564326763153076,NoWires/84203fd0-d2db-11eb-92c6-8c85909d90f2.jpg
103,True,NoWires,NoWires,3.6821701526641846,NoWires/81ed2a52-d2db-11eb-92c6-8c85909d90f2.jpg
104,True,NoWires,NoWires,3.022216320037842,NoWires/7f5de772-d2db-11eb-92c6-8c85909d90f2.jpg
105,True,NoWires,NoWires,2.362192392349243,NoWires/840869dc-d2db-11eb-92c6-8c85909d90f2.jpg
106,True,NoWires,NoWires,2.123063325881958,NoWires/850078fc-d2db-11eb-92c6-8c85909d90f2.jpg
107,True,NoWires,NoWires,2.2067489624023438,NoWires/826ecef4-d2db-11eb-92c6-8c85909d90f2.jpg
108,True,NoWires,NoWires,2.595294713973999,NoWires/830cae08-d2db-11eb-92c6-8c85909d90f2.jpg
109,True,NoWires,NoWires,2.232487678527832,NoWires/7c9e5242-d2db-11eb-92c6-8c85909d90f2.jpg
110,True,NoWires,NoWires,1.8173364400863647,NoWires/814ce6dc-d2db-11eb-92c6-8c85909d90f2.jpg
111,True,NoWires,NoWires,2.170590877532959,NoWires/843e7716-d2db-11eb-92c6-8c85909d90f2.jpg
112,True,NoWires,NoWires,2.269388437271118,NoWires/7feafd06-d2db-11eb-92c6-8c85909d90f2.jpg
113,True,NoWires,NoWires,1.569722056388855,NoWires/84d061c6-d2db-11eb-92c6-8c85909d90f2.jpg
114,True,NoWires,NoWires,2.154834270477295,NoWires/8497945e-d2db-11eb-92c6-8c85909d90f2.jpg
115,True,NoWires,NoWires,1.9927526712417603,NoWires/825c6728-d2db-11eb-92c6-8c85909d90f2.jpg
116,True,NoWires,NoWires,2.724489688873291,NoWires/7f929648-d2db-11eb-92c6-8c85909d90f2.jpg
117,True,NoWires,NoWires,2.3226051330566406,NoWires/83669508-d2db-11eb-92c6-8c85909d90f2.jpg
118,True,NoWires,NoWires,2.5909974575042725,NoWires/83aa4cb2-d2db-11eb-92c6-8c85909d90f2.jpg
119,True,NoWires,NoWires,2.501817226409912,NoWires/82ae84f4-d2db-11eb-92c6-8c85909d90f2.jpg
120,True,NoWires,NoWires,4.26945161819458,NoWires/7f53d4b2-d2db-11eb-92c6-8c85909d90f2.jpg
121,True,NoWires,NoWires,3.6503794193267822,NoWires/7f815e0a-d2db-11eb-92c6-8c85909d90f2.jpg
122,False,FooBar,NoWires,2.5271406173706055,NoWires/7cbdb10a-d2db-11eb-92c6-8c85909d90f2.jpg
123,True,NoWires,NoWires,1.3438739776611328,NoWires/84b43e24-d2db-11eb-92c6-8c85909d90f2.jpg
124,True,NoWires,NoWires,2.8174595832824707,NoWires/83f2ae80-d2db-11eb-92c6-8c85909d90f2.jpg
125,True,NoWires,NoWires,3.8721582889556885,NoWires/7f4c6696-d2db-11eb-92c6-8c85909d90f2.jpg
126,False,FooBar,NoWires,0.9570476412773132,NoWires/7cb8b7b8-d2db-11eb-92c6-8c85909d90f2.jpg
127,True,NoWires,NoWires,2.844226837158203,NoWires/8238590a-d2db-11eb-92c6-8c85909d90f2.jpg
128,True,NoWires,NoWires,2.3462295532226562,NoWires/84df1cde-d2db-11eb-92c6-8c85909d90f2.jpg
129,True,NoWires,NoWires,2.1446123123168945,NoWires/82d1482c-d2db-11eb-92c6-8c85909d90f2.jpg
130,True,NoWires,NoWires,2.7314913272857666,NoWires/83bbb330-d2db-11eb-92c6-8c85909d90f2.jpg
131,True,NoWires,NoWires,2.4766788482666016,NoWires/824be5d8-d2db-11eb-92c6-8c85909d90f2.jpg
132,True,NoWires,NoWires,2.1868975162506104,NoWires/7f1f5520-d2db-11eb-92c6-8c85909d90f2.jpg
133,True,NoWires,NoWires,0.8778154850006104,NoWires/8482a3fa-d2db-11eb-92c6-8c85909d90f2.jpg
134,True,NoWires,NoWires,3.971083402633667,NoWires/835e1a4a-d2db-11eb-92c6-8c85909d90f2.jpg
135,True,NoWires,NoWires,2.1079113483428955,NoWires/83265bfa-d2db-11eb-92c6-8c85909d90f2.jpg
136,True,NoWires,NoWires,2.474006414413452,NoWires/7d2b93aa-d2db-11eb-92c6-8c85909d90f2.jpg
137,True,NoWires,NoWires,3.8000755310058594,NoWires/83ac60e2-d2db-11eb-92c6-8c85909d90f2.jpg
138,True,NoWires,NoWires,1.7550076246261597,NoWires/82df625e-d2db-11eb-92c6-8c85909d90f2.jpg
139,True,NoWires,NoWires,2.5849826335906982,NoWires/804c7a86-d2db-11eb-92c6-8c85909d90f2.jpg
140,True,NoWires,NoWires,2.6104583740234375,NoWires/8429a8ea-d2db-11eb-92c6-8c85909d90f2.jpg
141,True,NoWires,NoWires,2.5624232292175293,NoWires/81b6a374-d2db-11eb-92c6-8c85909d90f2.jpg
142,True,NoWires,NoWires,2.078007698059082,NoWires/81ac32c2-d2db-11eb-92c6-8c85909d90f2.jpg
143,True,NoWires,NoWires,3.3417961597442627,NoWires/835115fc-d2db-11eb-92c6-8c85909d90f2.jpg
144,True,NoWires,NoWires,3.2539377212524414,NoWires/825639c0-d2db-11eb-92c6-8c85909d90f2.jpg
145,True,NoWires,NoWires,3.773012161254883,NoWires/7eedc6f4-d2db-11eb-92c6-8c85909d90f2.jpg
146,True,NoWires,NoWires,3.1211578845977783,NoWires/8473fc2e-d2db-11eb-92c6-8c85909d90f2.jpg
147,True,NoWires,NoWires,3.141545295715332,NoWires/8403fd34-d2db-11eb-92c6-8c85909d90f2.jpg
148,True,NoWires,NoWires,1.9694775342941284,NoWires/83131bf8-d2db-11eb-92c6-8c85909d90f2.jpg
149,True,NoWires,NoWires,2.761582612991333,NoWires/802599ac-d2db-11eb-92c6-8c85909d90f2.jpg
150,True,NoWires,NoWires,2.9560205936431885,NoWires/83a3c90a-d2db-11eb-92c6-8c85909d90f2.jpg
151,True,NoWires,NoWires,2.089690685272217,NoWires/8530cb38-d2db-11eb-92c6-8c85909d90f2.jpg
152,True,NoWires,NoWires,2.259265661239624,NoWires/8140aa98-d2db-11eb-92c6-8c85909d90f2.jpg
153,True,NoWires,NoWires,1.842490553855896,NoWires/826cbd4e-d2db-11eb-92c6-8c85909d90f2.jpg
154,True,NoWires,NoWires,2.0597755908966064,NoWires/825a5528-d2db-11eb-92c6-8c85909d90f2.jpg
155,True,NoWires,NoWires,2.15106463432312,NoWires/7d062b74-d2db-11eb-92c6-8c85909d90f2.jpg
156,True,NoWires,NoWires,2.421337366104126,NoWires/847a491c-d2db-11eb-92c6-8c85909d90f2.jpg
157,True,NoWires,NoWires,1.8985170125961304,NoWires/7d32041a-d2db-11eb-92c6-8c85909d90f2.jpg
158,True,NoWires,NoWires,2.052778959274292,NoWires/7db48cbe-d2db-11eb-92c6-8c85909d90f2.jpg
159,True,NoWires,NoWires,1.8545867204666138,NoWires/81ccecec-d2db-11eb-92c6-8c85909d90f2.jpg
160,True,NoWires,NoWires,2.364161729812622,NoWires/8302a02a-d2db-11eb-92c6-8c85909d90f2.jpg
161,True,NoWires,NoWires,3.180036783218384,NoWires/84f2a4d4-d2db-11eb-92c6-8c85909d90f2.jpg
162,True,NoWires,NoWires,1.56440269947052,NoWires/81312762-d2db-11eb-92c6-8c85909d90f2.jpg
163,True,NoWires,NoWires,2.2713003158569336,NoWires/817419a0-d2db-11eb-92c6-8c85909d90f2.jpg
164,True,NoWires,NoWires,3.0509555339813232,NoWires/8045e45a-d2db-11eb-92c6-8c85909d90f2.jpg
165,True,NoWires,NoWires,2.65496826171875,NoWires/8340b95a-d2db-11eb-92c6-8c85909d90f2.jpg
166,True,NoWires,NoWires,2.0420939922332764,NoWires/838e7942-d2db-11eb-92c6-8c85909d90f2.jpg
167,True,NoWires,NoWires,1.9654425382614136,NoWires/852396ca-d2db-11eb-92c6-8c85909d90f2.jpg
168,True,NoWires,NoWires,2.706738233566284,NoWires/855d9352-d2db-11eb-92c6-8c85909d90f2.jpg
169,True,Glue,Glue,1.6879117488861084,Glue/845476ce-d2db-11eb-92c6-8c85909d90f2.jpg
170,False,NoWires,Glue,2.530498743057251,Glue/7f9072e6-d2db-11eb-92c6-8c85909d90f2.jpg
171,True,Glue,Glue,1.3999385833740234,Glue/843bb4c2-d2db-11eb-92c6-8c85909d90f2.jpg
172,True,Glue,Glue,0.9114055037498474,Glue/7fd8d982-d2db-11eb-92c6-8c85909d90f2.jpg
173,True,Glue,Glue,0.8017354607582092,Glue/8199c95c-d2db-11eb-92c6-8c85909d90f2.jpg
174,False,NoWires,Glue,2.213738441467285,Glue/80412cf8-d2db-11eb-92c6-8c85909d90f2.jpg
175,False,NoWires,Glue,1.1126676797866821,Glue/7fb9d73a-d2db-11eb-92c6-8c85909d90f2.jpg
176,True,Glue,Glue,1.9448939561843872,Glue/803167f0-d2db-11eb-92c6-8c85909d90f2.jpg
177,True,Glue,Glue,2.0400941371917725,Glue/826278c0-d2db-11eb-92c6-8c85909d90f2.jpg
178,False,FooBar,Glue,1.0905135869979858,Glue/836d78e6-d2db-11eb-92c6-8c85909d90f2.jpg
179,False,NoWires,Glue,1.5470564365386963,Glue/7faf12f0-d2db-11eb-92c6-8c85909d90f2.jpg
180,False,NoWires,Glue,1.60252046585083,Glue/802325fa-d2db-11eb-92c6-8c85909d90f2.jpg
181,False,FooBar,Glue,2.033475160598755,Glue/7fdb3d94-d2db-11eb-92c6-8c85909d90f2.jpg
182,False,FooBar,Glue,0.9299478530883789,Glue/7f89f772-d2db-11eb-92c6-8c85909d90f2.jpg
183,True,Glue,Glue,2.1042063236236572,Glue/802ac562-d2db-11eb-92c6-8c85909d90f2.jpg
184,False,FooBar,Glue,1.3252100944519043,Glue/7da30b60-d2db-11eb-92c6-8c85909d90f2.jpg
185,False,NoWires,Glue,1.9927955865859985,Glue/81e5e652-d2db-11eb-92c6-8c85909d90f2.jpg
186,False,NoWires,Glue,1.8657424449920654,Glue/7f8c37bc-d2db-11eb-92c6-8c85909d90f2.jpg
187,False,NoWires,Glue,1.8045886754989624,Glue/850fe774-d2db-11eb-92c6-8c85909d90f2.jpg
188,True,Glue,Glue,1.1929194927215576,Glue/7f49c3dc-d2db-11eb-92c6-8c85909d90f2.jpg
189,True,Glue,Glue,0.7132524251937866,Glue/81b4a33a-d2db-11eb-92c6-8c85909d90f2.jpg
190,False,NoWires,Glue,1.9739667177200317,Glue/7f21f1ea-d2db-11eb-92c6-8c85909d90f2.jpg
191,False,NoWires,Glue,2.5164856910705566,Glue/82235a46-d2db-11eb-92c6-8c85909d90f2.jpg
192,False,NoWires,Glue,1.2762912511825562,Glue/826478aa-d2db-11eb-92c6-8c85909d90f2.jpg
193,False,NoWires,Glue,2.643954038619995,Glue/803c81c6-d2db-11eb-92c6-8c85909d90f2.jpg
194,False,BrokenWires,Glue,1.5004066228866577,Glue/85b793f2-d2db-11eb-92c6-8c85909d90f2.jpg
195,False,FooBar,Glue,0.9941623210906982,Glue/8446ea22-d2db-11eb-92c6-8c85909d90f2.jpg
196,True,Glue,Glue,1.3219231367111206,Glue/7fdd91d4-d2db-11eb-92c6-8c85909d90f2.jpg
197,False,NoWires,Glue,2.6954305171966553,Glue/7f6c5c80-d2db-11eb-92c6-8c85909d90f2.jpg
198,False,FooBar,Glue,2.4665403366088867,Glue/80c06bbc-d2db-11eb-92c6-8c85909d90f2.jpg
199,False,FooBar,Glue,2.0303468704223633,Glue/7ff7bd84-d2db-11eb-92c6-8c85909d90f2.jpg
200,True,Glue,Glue,2.1058731079101562,Glue/7dea3364-d2db-11eb-92c6-8c85909d90f2.jpg
201,False,NoWires,Glue,1.789107084274292,Glue/83a19b30-d2db-11eb-92c6-8c85909d90f2.jpg
202,True,AllWires,AllWires,1.0909321308135986,AllWires/82fea36c-d2db-11eb-92c6-8c85909d90f2.jpg
203,True,AllWires,AllWires,1.0561803579330444,AllWires/85def2bc-d2db-11eb-92c6-8c85909d90f2.jpg
204,False,BrokenWires,AllWires,1.015475869178772,AllWires/85ce8a62-d2db-11eb-92c6-8c85909d90f2.jpg
205,False,BrokenWires,AllWires,1.5124075412750244,AllWires/85edb77a-d2db-11eb-92c6-8c85909d90f2.jpg
206,False,BrokenWires,AllWires,1.2128671407699585,AllWires/858038bc-d2db-11eb-92c6-8c85909d90f2.jpg
207,False,FooBar,AllWires,2.594555377960205,AllWires/7e80796e-d2db-11eb-92c6-8c85909d90f2.jpg
208,True,AllWires,AllWires,1.3218369483947754,AllWires/85e9bd8c-d2db-11eb-92c6-8c85909d90f2.jpg
209,False,BrokenWires,AllWires,1.664983868598938,AllWires/859c0ac4-d2db-11eb-92c6-8c85909d90f2.jpg
210,False,BrokenWires,AllWires,1.075449824333191,AllWires/85d8b780-d2db-11eb-92c6-8c85909d90f2.jpg
211,False,FooBar,AllWires,1.2967826128005981,AllWires/7e3000ec-d2db-11eb-92c6-8c85909d90f2.jpg
212,False,FooBar,TwoThirdsWires,3.8826355934143066,TwoThirdsWires/7e4d87d4-d2db-11eb-92c6-8c85909d90f2.jpg
213,False,FooBar,TwoThirdsWires,1.3679838180541992,TwoThirdsWires/7e3e9832-d2db-11eb-92c6-8c85909d90f2.jpg
214,False,BrokenWires,TwoThirdsWires,0.9377474188804626,TwoThirdsWires/85c1e4b0-d2db-11eb-92c6-8c85909d90f2.jpg
215,False,Glue,TwoThirdsWires,0.8687427639961243,TwoThirdsWires/85af5fa2-d2db-11eb-92c6-8c85909d90f2.jpg
216,False,BrokenWires,TwoThirdsWires,1.2840040922164917,TwoThirdsWires/860ef49e-d2db-11eb-92c6-8c85909d90f2.jpg
217,False,BrokenWires,TwoThirdsWires,0.8606022596359253,TwoThirdsWires/8604ca6e-d2db-11eb-92c6-8c85909d90f2.jpg
218,True,FooBar,FooBar,3.166435480117798,FooBar/8111d0ec-d2db-11eb-92c6-8c85909d90f2.jpg
219,True,FooBar,FooBar,1.8307907581329346,FooBar/80c5f744-d2db-11eb-92c6-8c85909d90f2.jpg
220,True,FooBar,FooBar,1.800697684288025,FooBar/7d46d980-d2db-11eb-92c6-8c85909d90f2.jpg
221,True,FooBar,FooBar,2.651730537414551,FooBar/7d6486b0-d2db-11eb-92c6-8c85909d90f2.jpg
222,True,FooBar,FooBar,2.6540944576263428,FooBar/80b834d8-d2db-11eb-92c6-8c85909d90f2.jpg
223,False,NoWires,FooBar,2.2708396911621094,FooBar/820e66a4-d2db-11eb-92c6-8c85909d90f2.jpg
224,False,NoWires,FooBar,3.153691530227661,FooBar/7db6bb4c-d2db-11eb-92c6-8c85909d90f2.jpg
225,True,FooBar,FooBar,2.1996653079986572,FooBar/7d66a440-d2db-11eb-92c6-8c85909d90f2.jpg
226,True,FooBar,FooBar,1.9058899879455566,FooBar/7dd2bf18-d2db-11eb-92c6-8c85909d90f2.jpg
227,True,FooBar,FooBar,1.2879514694213867,FooBar/7d9439c8-d2db-11eb-92c6-8c85909d90f2.jpg
228,True,FooBar,FooBar,3.321722984313965,FooBar/7d8c0172-d2db-11eb-92c6-8c85909d90f2.jpg
229,True,FooBar,FooBar,4.22075891494751,FooBar/7e48873e-d2db-11eb-92c6-8c85909d90f2.jpg
230,True,FooBar,FooBar,3.060947895050049,FooBar/80b56d20-d2db-11eb-92c6-8c85909d90f2.jpg
231,True,FooBar,FooBar,2.1297290325164795,FooBar/80e935b0-d2db-11eb-92c6-8c85909d90f2.jpg
232,True,FooBar,FooBar,3.5994303226470947,FooBar/7e43a458-d2db-11eb-92c6-8c85909d90f2.jpg
233,True,FooBar,FooBar,2.9063832759857178,FooBar/7dc41f80-d2db-11eb-92c6-8c85909d90f2.jpg
234,True,FooBar,FooBar,3.1364259719848633,FooBar/80baf4c0-d2db-11eb-92c6-8c85909d90f2.jpg
235,True,FooBar,FooBar,3.078951597213745,FooBar/7d4eb8c6-d2db-11eb-92c6-8c85909d90f2.jpg
236,True,FooBar,FooBar,3.4020323753356934,FooBar/7e364132-d2db-11eb-92c6-8c85909d90f2.jpg
237,True,FooBar,FooBar,2.179274559020996,FooBar/7fd046e6-d2db-11eb-92c6-8c85909d90f2.jpg
238,True,FooBar,FooBar,2.5575997829437256,FooBar/806da10c-d2db-11eb-92c6-8c85909d90f2.jpg
239,True,FooBar,FooBar,4.116580963134766,FooBar/7e617690-d2db-11eb-92c6-8c85909d90f2.jpg
240,True,FooBar,FooBar,4.768515586853027,FooBar/7e0bac7e-d2db-11eb-92c6-8c85909d90f2.jpg
241,False,NoWires,FooBar,2.1153464317321777,FooBar/7dabfc2a-d2db-11eb-92c6-8c85909d90f2.jpg
242,True,FooBar,FooBar,2.5678930282592773,FooBar/7df2ddde-d2db-11eb-92c6-8c85909d90f2.jpg
243,True,FooBar,FooBar,3.417996883392334,FooBar/7e2df270-d2db-11eb-92c6-8c85909d90f2.jpg
244,True,FooBar,FooBar,1.6403535604476929,FooBar/809fb05c-d2db-11eb-92c6-8c85909d90f2.jpg
245,True,FooBar,FooBar,3.5274665355682373,FooBar/80572efe-d2db-11eb-92c6-8c85909d90f2.jpg
246,True,FooBar,FooBar,1.7244056463241577,FooBar/80551dd0-d2db-11eb-92c6-8c85909d90f2.jpg
247,False,NoWires,FooBar,1.5325171947479248,FooBar/7de3ad82-d2db-11eb-92c6-8c85909d90f2.jpg
248,True,FooBar,FooBar,3.5568976402282715,FooBar/7e04a2f8-d2db-11eb-92c6-8c85909d90f2.jpg
249,False,NoWires,FooBar,1.7895936965942383,FooBar/83d29816-d2db-11eb-92c6-8c85909d90f2.jpg
250,True,FooBar,FooBar,1.7473238706588745,FooBar/7d837188-d2db-11eb-92c6-8c85909d90f2.jpg
251,True,FooBar,FooBar,4.291543483734131,FooBar/7e5ea744-d2db-11eb-92c6-8c85909d90f2.jpg
252,True,FooBar,FooBar,2.1876754760742188,FooBar/80664f24-d2db-11eb-92c6-8c85909d90f2.jpg
253,True,FooBar,FooBar,2.093292236328125,FooBar/80f132ba-d2db-11eb-92c6-8c85909d90f2.jpg
254,True,FooBar,FooBar,2.60036301612854,FooBar/7e9868b2-d2db-11eb-92c6-8c85909d90f2.jpg
255,True,FooBar,FooBar,1.4222030639648438,FooBar/7d605360-d2db-11eb-92c6-8c85909d90f2.jpg
256,True,FooBar,FooBar,1.7443095445632935,FooBar/80bdbd9a-d2db-11eb-92c6-8c85909d90f2.jpg
257,False,Glue,FooBar,1.2729421854019165,FooBar/7dd4c812-d2db-11eb-92c6-8c85909d90f2.jpg
258,True,FooBar,FooBar,1.9966832399368286,FooBar/808f5694-d2db-11eb-92c6-8c85909d90f2.jpg
259,True,FooBar,FooBar,1.8337291479110718,FooBar/80e67384-d2db-11eb-92c6-8c85909d90f2.jpg
260,True,FooBar,FooBar,2.695666551589966,FooBar/7d9222be-d2db-11eb-92c6-8c85909d90f2.jpg
261,True,FooBar,FooBar,4.312150478363037,FooBar/7ea5019e-d2db-11eb-92c6-8c85909d90f2.jpg
262,False,Glue,FooBar,2.312690019607544,FooBar/820c5e90-d2db-11eb-92c6-8c85909d90f2.jpg
263,True,FooBar,FooBar,0.8879160284996033,FooBar/7da0f910-d2db-11eb-92c6-8c85909d90f2.jpg
264,True,FooBar,FooBar,2.0777506828308105,FooBar/80643b08-d2db-11eb-92c6-8c85909d90f2.jpg
265,True,FooBar,FooBar,3.336866855621338,FooBar/80854ee2-d2db-11eb-92c6-8c85909d90f2.jpg
266,True,FooBar,FooBar,2.317305088043213,FooBar/8094efaa-d2db-11eb-92c6-8c85909d90f2.jpg
267,True,FooBar,FooBar,4.812078952789307,FooBar/7e87c390-d2db-11eb-92c6-8c85909d90f2.jpg
268,True,FooBar,FooBar,2.4910600185394287,FooBar/7e142444-d2db-11eb-92c6-8c85909d90f2.jpg
269,False,NoWires,FooBar,1.902349591255188,FooBar/7d8591b6-d2db-11eb-92c6-8c85909d90f2.jpg
270,True,FooBar,FooBar,3.8082706928253174,FooBar/7dfe4732-d2db-11eb-92c6-8c85909d90f2.jpg
271,True,FooBar,FooBar,3.923809766769409,FooBar/7df77d76-d2db-11eb-92c6-8c85909d90f2.jpg
272,True,FooBar,FooBar,2.6032676696777344,FooBar/805dd844-d2db-11eb-92c6-8c85909d90f2.jpg
273,True,FooBar,FooBar,1.6573359966278076,FooBar/80b275c0-d2db-11eb-92c6-8c85909d90f2.jpg
274,True,FooBar,FooBar,2.224550724029541,FooBar/7dcc6d34-d2db-11eb-92c6-8c85909d90f2.jpg
275,True,FooBar,FooBar,2.3813841342926025,FooBar/7d9caac2-d2db-11eb-92c6-8c85909d90f2.jpg
276,True,FooBar,FooBar,3.173190116882324,FooBar/7e8f2f4a-d2db-11eb-92c6-8c85909d90f2.jpg
277,True,FooBar,FooBar,3.0330557823181152,FooBar/7e22de76-d2db-11eb-92c6-8c85909d90f2.jpg
278,True,FooBar,FooBar,2.6754441261291504,FooBar/7d7a34f6-d2db-11eb-92c6-8c85909d90f2.jpg
279,True,FooBar,FooBar,1.5817806720733643,FooBar/81436706-d2db-11eb-92c6-8c85909d90f2.jpg
280,True,FooBar,FooBar,2.930539608001709,FooBar/80705636-d2db-11eb-92c6-8c85909d90f2.jpg
281,False,NoWires,FooBar,1.4525725841522217,FooBar/7dbb2f4c-d2db-11eb-92c6-8c85909d90f2.jpg
282,True,FooBar,FooBar,2.2107746601104736,FooBar/80620c66-d2db-11eb-92c6-8c85909d90f2.jpg
283,False,Glue,FooBar,1.5466469526290894,FooBar/808257aa-d2db-11eb-92c6-8c85909d90f2.jpg
284,True,FooBar,FooBar,3.247119188308716,FooBar/7d53f886-d2db-11eb-92c6-8c85909d90f2.jpg
285,True,FooBar,FooBar,2.0233051776885986,FooBar/7db06562-d2db-11eb-92c6-8c85909d90f2.jpg
286,False,Glue,FooBar,1.6682461500167847,FooBar/7d89e036-d2db-11eb-92c6-8c85909d90f2.jpg
287,True,BrokenWires,BrokenWires,1.1113399267196655,BrokenWires/859e4014-d2db-11eb-92c6-8c85909d90f2.jpg
288,False,NoWires,BrokenWires,1.3131216764450073,BrokenWires/7f7d3b5e-d2db-11eb-92c6-8c85909d90f2.jpg
289,False,Glue,BrokenWires,1.4452401399612427,BrokenWires/82bf156c-d2db-11eb-92c6-8c85909d90f2.jpg
290,False,FooBar,BrokenWires,2.417368173599243,BrokenWires/7e5c4684-d2db-11eb-92c6-8c85909d90f2.jpg
291,True,BrokenWires,BrokenWires,0.7652871012687683,BrokenWires/82a643de-d2db-11eb-92c6-8c85909d90f2.jpg
292,True,BrokenWires,BrokenWires,0.8226025700569153,BrokenWires/85b16676-d2db-11eb-92c6-8c85909d90f2.jpg
293,False,OneThirdsWires,BrokenWires,1.2989274263381958,BrokenWires/85e15dea-d2db-11eb-92c6-8c85909d90f2.jpg
294,True,BrokenWires,BrokenWires,0.47092100977897644,BrokenWires/85ab7658-d2db-11eb-92c6-8c85909d90f2.jpg
295,True,BrokenWires,BrokenWires,1.1655774116516113,BrokenWires/85f81440-d2db-11eb-92c6-8c85909d90f2.jpg
296,False,FooBar,BrokenWires,3.3887057304382324,BrokenWires/8072d5c8-d2db-11eb-92c6-8c85909d90f2.jpg
297,True,BrokenWires,BrokenWires,1.492287516593933,BrokenWires/85a54b66-d2db-11eb-92c6-8c85909d90f2.jpg
298,False,BrokenWires,OneThirdsWires,0.6048659682273865,OneThirdsWires/7f5b6e0c-d2db-11eb-92c6-8c85909d90f2.jpg
299,False,NoWires,OneThirdsWires,0.8553668260574341,OneThirdsWires/860ae61a-d2db-11eb-92c6-8c85909d90f2.jpg
300,False,Glue,OneThirdsWires,1.0241352319717407,OneThirdsWires/7f156d1c-d2db-11eb-92c6-8c85909d90f2.jpg
301,False,Glue,OneThirdsWires,1.7042062282562256,OneThirdsWires/7f60b65a-d2db-11eb-92c6-8c85909d90f2.jpg
302,False,Glue,OneThirdsWires,0.9119056463241577,OneThirdsWires/7ed2daba-d2db-11eb-92c6-8c85909d90f2.jpg
303,False,NoWires,OneThirdsWires,0.9116124510765076,OneThirdsWires/7ef91680-d2db-11eb-92c6-8c85909d90f2.jpg
304,False,NoWires,OneThirdsWires,0.6614258885383606,OneThirdsWires/7f428c48-d2db-11eb-92c6-8c85909d90f2.jpg
305,False,NoWires,OneThirdsWires,1.776489019393921,OneThirdsWires/7ec79b14-d2db-11eb-92c6-8c85909d90f2.jpg
306,False,NoWires,OneThirdsWires,0.9932042956352234,OneThirdsWires/7f3fd728-d2db-11eb-92c6-8c85909d90f2.jpg
307,False,NoWires,OneThirdsWires,1.2349379062652588,OneThirdsWires/7eeae6e6-d2db-11eb-92c6-8c85909d90f2.jpg
308,False,NoWires,OneThirdsWires,2.3085877895355225,OneThirdsWires/7f6e9360-d2db-11eb-92c6-8c85909d90f2.jpg
309,False,AllWires,OneThirdsWires,0.962604284286499,OneThirdsWires/8577f33c-d2db-11eb-92c6-8c85909d90f2.jpg
310,False,Glue,OneThirdsWires,0.9774377942085266,OneThirdsWires/7ee248b0-d2db-11eb-92c6-8c85909d90f2.jpg
311,False,Glue,OneThirdsWires,0.9148129224777222,OneThirdsWires/7f58cf80-d2db-11eb-92c6-8c85909d90f2.jpg
